KOD_ZSJ,CENTROID_X,CENTROID_Y,REPRESENTATIVE_POINT_X,REPRESENTATIVE_POINT_Y
001520,14.617399070075516,50.08149586542555,14.615848284153937,50.08129311228235
001538,14.60040005684085,50.07936869061897,14.600804368150747,50.079167355902754
002585,14.603993247360082,50.01229670979291,14.602424576975187,50.01194157725767
014133,14.483298598734649,50.16625381136066,14.482548786667353,50.167024915327616
020362,14.349026188047906,49.965903470197176,14.356212448256327,49.96673570484693
029955,14.571013975550182,50.083788180067366,14.570017449538867,50.08392512329605
029963,14.590946537141637,50.08519855789677,14.587385533600978,50.085666840604404
033332,14.58695064409809,50.05868276046752,14.585810725814163,50.05819079601352
043770,14.62616337941508,50.11582383879664,14.624541145278474,50.11638193510152
043788,14.605816896497073,50.107870567074315,14.608589995400303,50.10774407896781
043796,14.621959329427238,50.10065995347345,14.621134880816369,50.10046079220726
052396,14.447355603089532,49.98776775536024,14.448893197870422,49.98799505262754
052400,14.427261859224005,49.96993307625326,14.429739595854878,49.96956540625486
065447,14.669220213836551,50.097646648746384,14.670540645093517,50.09673691730033
068501,14.641435022882737,50.062932489792445,14.641598225077155,50.06309759681665
068594,14.6247103231055,50.01376676475925,14.6271174128537,50.01364297367586
068608,14.616592202577122,50.00008490393403,14.61802667481996,49.99973901788992
072621,14.636333105143427,50.037691832265,14.636403708610864,50.03788424302469
076074,14.563314908227573,50.02305591093685,14.565599023755702,50.023258926703235
083968,14.356618101933536,49.957268040787135,14.356446121249103,49.95701446589153
083976,14.366871577086984,49.95876905083417,14.367820676915851,49.95814901542454
086428,14.35174443914274,50.00046465097442,14.349967750685451,49.99918825238328
102326,14.65352656756299,50.01718277798666,14.653196389943314,50.017382883138005
120987,14.468659397302922,49.99281436937527,14.467835583341781,49.99184825452076
126993,14.41512783245153,50.08448202706293,14.416538131915031,50.08403791347484
127001,14.41811859059254,50.08973118042221,14.418096996429638,50.08975437852291
127019,14.421047505160926,50.0915139559498,14.424056895375541,50.09099061484582
127027,14.42434336110711,50.08762508345798,14.423748363994802,50.08745495482734
127035,14.431990937317039,50.09115351148851,14.432156870153156,50.09102873433552
127043,14.434857564538138,50.08786462075366,14.43469234651624,50.08793560184806
127051,14.430534383717587,50.0840871301045,14.429798892552824,50.08348839142276
127060,14.432437930131831,50.08008478571502,14.432465454353121,50.08021480761491
127078,14.424878139322573,50.08005094728281,14.424096289673603,50.08073642130229
127086,14.415150625235027,50.0792159664257,14.415342508166866,50.078917642341814
127094,14.4003507690163,50.08739861911952,14.398288651002733,50.087162063862394
127108,14.399195777331958,50.08354018472854,14.3983869593281,50.083547374380146
127116,14.392069308778513,50.08414646505395,14.391178520504393,50.08408273006323
127124,14.390889634448488,50.08911418608037,14.391711372963819,50.089045393800376
127132,14.401041829690614,50.09209580259635,14.399202264188569,50.09207206291438
127141,14.408356203550383,50.087673636660305,14.407814399991738,50.087372633193446
127159,14.415324498083816,50.092969197430556,14.415110331362706,50.09278939607336
127167,14.438817695917937,50.07577342261715,14.438535543598638,50.07561659948463
127175,14.435287615200899,50.073083159888576,14.436442399184333,50.07270193598288
127183,14.423491845743037,50.07157215180945,14.422878435876942,50.07257183444956
127191,14.4256362853733,50.07543454785473,14.423954040371273,50.07459860342243
127205,14.433105879584355,50.07709242034442,14.433159077795814,50.07740585744462
127213,14.436851932157472,50.0831429199076,14.436887896128862,50.08272354466888
127221,14.43791850144914,50.07954275580997,14.436678847157808,50.08019608753972
127230,14.44136830002405,50.08004709703815,14.44118633213053,50.08007451901605
127248,14.445630022024558,50.07863350472761,14.446391528376441,50.07920970622888
127256,14.445523585181045,50.0748461098255,14.445297871126419,50.07468972711729
127264,14.444311797802774,50.06890656809114,14.444783294427644,50.06894183639605
127272,14.438152968526783,50.06972441419988,14.435596545570244,50.069784697770835
127281,14.434303328053737,50.06703737549861,14.4339036450811,50.06691572310955
127299,14.42765594079577,50.06508430572163,14.427057184510197,50.064452486750966
127302,14.418655422942658,50.0650692060796,14.417997002573625,50.06501366075937
127311,14.415952910263778,50.07042746352721,14.416182586197161,50.0701453639894
127329,14.415767610232708,50.075379027613955,14.415883550143427,50.075692716851464
127337,14.471945538876705,50.08963532488891,14.470884481182832,50.089221751947775
127345,14.480277194611705,50.09129194916178,14.479854846371701,50.09133344400473
127353,14.480637558452445,50.08985253336909,14.479863159765234,50.089826403990116
127361,14.47568394705647,50.08541700202774,14.476180771143653,50.08512304096314
127370,14.463730682992162,50.08434079817117,14.461858545148619,50.08490222694735
127388,14.453918151064737,50.08444155748991,14.452618162467964,50.08458730938846
127396,14.456617025627526,50.08696714685926,14.456475264908924,50.08707526366671
127400,14.457811564300016,50.09019399693907,14.463767839183046,50.09157122429019
127418,14.465807081933807,50.087794869632546,14.467326610446342,50.08746808562107
127426,14.478875474609344,50.09370899279507,14.481189666514167,50.09403762341487
127434,14.488168973683948,50.09650808618892,14.487625729163671,50.096626209614634
127442,14.492977094421057,50.09352975636848,14.492681732942728,50.09389724072392
127451,14.495026578544715,50.08995807613937,14.496175871931918,50.08973778267924
127469,14.48772255674267,50.08874792648724,14.487476234221464,50.088493953881965
127485,14.482473771999938,50.084050938621246,14.481967484717007,50.08400865139312
127493,14.47018415434441,50.08053504355261,14.471143895850428,50.080751752528975
127507,14.472028240067662,50.07719906559044,14.472424585273695,50.07730140883077
127515,14.461877787059052,50.07676336036267,14.461847026326609,50.07678083817952
127523,14.453367991460809,50.07637927783126,14.453266718340675,50.07645597448078
127531,14.457720423494742,50.08011830282766,14.457393927020869,50.08011104337815
127540,14.452541543452462,50.078726950011315,14.45189481026951,50.07919502646775
127558,14.450528529561272,50.08113335643618,14.449603810861237,50.080810533209224
127566,14.448827175443153,50.083099939503064,14.449119925627961,50.08304586805151
127574,14.442762900285727,50.08349366556446,14.441873688611919,50.083267475660975
127582,14.445168552863233,50.08622083788851,14.444757442798005,50.08607944730895
127591,14.450145696222922,50.03995499561485,14.449066678484565,50.03973615750536
127604,14.434903118367492,50.03789950279718,14.436088179975759,50.03790660889337
127612,14.439245350275414,50.042339608898516,14.440985235850146,50.042360737664254
127621,14.442922003494674,50.04604582522133,14.443099952386907,50.046603987050915
127639,14.444338969760336,50.049577851052696,14.444008576080105,50.04950694012028
127647,14.452619908003525,50.04603659960567,14.450713916526846,50.04663846649406
127655,14.450348446044748,50.03604149221501,14.450666532905178,50.035796514284996
127663,14.448332878502052,50.032810625966555,14.447819024333306,50.03268194935543
127671,14.424434059180937,50.03381038067776,14.425029044675748,50.034120393117945
127680,14.436201263143765,50.03486378394629,14.436258098208743,50.034861992905014
127698,14.43015689565785,50.04407204248898,14.430376900238375,50.04430452659294
127701,14.437041323441779,50.046539489929806,14.436957511617578,50.046022648220756
127710,14.43230162869113,50.046928787815766,14.432194331102469,50.04690300621975
127728,14.436962739252543,50.05308995341139,14.435990705087722,50.05347638265549
127736,14.442888899517728,50.056204390741584,14.44257563617954,50.055867570385615
127744,14.445078871044544,50.05339568819901,14.444961389519804,50.05335843129754
127752,14.454509700638312,50.04920064333476,14.455651617909748,50.048257962716036
127761,14.463970943165004,50.048402612666536,14.465027365769277,50.04780448199264
127779,14.464764667616747,50.033979858340935,14.465068799915247,50.03463186805351
127787,14.449840513205258,50.03064358254367,14.453171752632006,50.031243782776016
127795,14.423926911655897,50.03053857984015,14.423867110423044,50.03037365988598
127809,14.434881525654973,50.02614708156939,14.434124690631851,50.02606600152032
127817,14.429195886849893,50.024651845990846,14.429428542041403,50.024557430566105
127825,14.434536544143878,50.02370315670107,14.434560385685243,50.023918087316986
127833,14.42160645480719,50.025774428591845,14.425174939151155,50.02527717905741
127841,14.42226751846133,50.021657309196804,14.42064791246436,50.02177308501929
127850,14.410924184135135,50.02367189308456,14.411414540003182,50.02317457292004
127868,14.418556387081217,50.029127913466276,14.416611617829574,50.02928677815912
127876,14.41952810151799,50.037524071523556,14.419748655639754,50.03760435751209
127884,14.421974175578946,50.0420401676686,14.421969270811033,50.04227064401033
127892,14.421157458354083,50.04642852672126,14.424544263978689,50.04675138391511
127906,14.433212256476745,50.05101419292406,14.43095615030815,50.05201715356317
127914,14.424948855860158,50.050164635331406,14.424554398710647,50.05044505276861
127922,14.425292504861137,50.054100760912824,14.425348902331695,50.05399410165467
127931,14.43007742200868,50.05909503045975,14.430925973646588,50.05877748645555
127949,14.438890259560527,50.0588175926144,14.438713363244807,50.05825576091402
127957,14.443334464207997,50.06072865115114,14.442446241988986,50.06075531295075
127965,14.453734836461612,50.05631524459246,14.453118142138543,50.05719662726061
127973,14.466565621762765,50.05570255498009,14.466064028468015,50.055903201884846
127981,14.468832439605501,50.05192430971763,14.47154386761632,50.051610651461004
127990,14.47925634247574,50.0435313759499,14.479586795047888,50.044385946993366
128007,14.48800275086706,50.04376147992082,14.488140295220566,50.04353979039578
128015,14.475644875820445,50.03787196979556,14.470151084784877,50.03734369648946
128023,14.474522055623964,50.02426967867832,14.475075033522156,50.02358395717138
128031,14.46706196119489,50.02112835919274,14.467289111750777,50.02064330028268
128040,14.459163208884911,50.028724884433295,14.458682199144683,50.028616384296924
128058,14.455712685947047,50.02383871772436,14.455741156402627,50.02427433212455
128066,14.447748994570548,50.02308740786743,14.445891524430522,50.023256300584436
128074,14.435001963204705,50.02116683648125,14.435666241477106,50.020893273177684
128082,14.422970154552639,50.017443001547235,14.42103152046359,50.01727813234899
128091,14.404242081686967,50.020589239582,14.403196879327501,50.02155941260715
128104,14.399161291330822,50.023506008218845,14.398537765737377,50.023431723167995
128112,14.409809147121699,50.03223679100626,14.410253581412817,50.03362681197287
128121,14.413024908069602,50.03603969131589,14.41212936392262,50.03645555200317
128139,14.406258294790218,50.03500706197484,14.405858724906341,50.03629583889979
128147,14.416698822687676,50.05187344710395,14.415884553437543,50.05353328338463
128155,14.421712745080718,50.05749490233911,14.421413452769116,50.05718576469336
128163,14.432990046610575,50.06174945525139,14.434205296523189,50.06075291495027
128171,14.436763721797343,50.06430631559949,14.436174495736118,50.06464714673916
128180,14.43721061172453,50.06713611915943,14.437293084603526,50.06723907011447
128198,14.445970131228368,50.06322139057702,14.445208341061292,50.06350830311174
128201,14.48686159265119,50.048314281276,14.487048499391435,50.04878832302238
128210,14.496917014531967,50.040936544515375,14.493484516244507,50.03992300331079
128228,14.508465324255438,50.03564433560316,14.507927392265135,50.03619232222282
128236,14.52288093632193,50.03658608640737,14.524240205438321,50.03651460398181
128244,14.538456632582703,50.036636986966315,14.538745090733116,50.036729014543255
128252,14.540928085972848,50.030393778485454,14.541358077877387,50.03025270656978
128261,14.508998915278559,50.02674360545627,14.509680101043877,50.02627129710072
128279,14.499360633661654,50.02965571597728,14.498736996708605,50.030021105663366
128287,14.49210609272941,50.02570443304971,14.491230716473641,50.026469685531055
128295,14.482981920948156,50.031774683715035,14.483397609796384,50.032038534962325
128309,14.495698928479602,50.01973997352626,14.497107816044718,50.01939194821332
128317,14.481183407937722,50.01503188993706,14.48252081964868,50.01465672289648
128325,14.485447685828946,50.00898760748209,14.486502988801329,50.00850639358648
128333,14.495405875303184,49.99763894935662,14.496157579057737,49.99732304193153
128341,14.47525063982008,50.0066117119892,14.47490909665234,50.00652059476813
128350,14.470661315930252,50.01262737172905,14.470781908288892,50.012769615169034
128368,14.460755539911666,50.01766796898613,14.460836304710888,50.0178246524236
128376,14.467133935287675,50.01520161437405,14.46728217715156,50.01503763445304
128384,14.463642035608313,50.013915798806416,14.463391149955335,50.013960524702014
128392,14.462173914488266,50.00649378961777,14.461926835933705,50.006632456978764
128406,14.448897098779428,50.008869345808776,14.449455356768022,50.00907433256633
128414,14.445983675269144,50.015120113195564,14.446111460183655,50.01505020390931
128422,14.448949501880607,50.012631520866535,14.449639551530986,50.013031114294634
128431,14.432433903509617,50.01519839166917,14.432663480057919,50.015434405451316
128449,14.436111186701131,50.008705328897925,14.435733968426533,50.00873481710211
128457,14.438894538327029,50.01175078105083,14.438363868417301,50.011887873231785
128465,14.421513692526853,50.00794429674601,14.421554493430174,50.00750780739524
128473,14.436151699682645,50.00373748483304,14.441767659428606,50.00272828009862
128481,14.426922658559878,50.00060493725766,14.427772211946742,50.00027351579105
128490,14.42557176789562,49.99686008077546,14.425147563413846,49.99701875441652
128503,14.417365719242449,49.99303982784873,14.415604594133628,49.992728022530386
128511,14.408410657536248,49.98875037740663,14.409567319420168,49.98876327120148
128520,14.414786423928865,49.99143068643847,14.417369501174239,49.99130752189309
128538,14.411871452546468,49.981894114843996,14.412411216722425,49.98176072930529
128546,14.403235357500987,49.98153381365819,14.403069513776082,49.98148620207468
128554,14.40082831833504,49.98673979865023,14.39960362375585,49.98444665820736
128562,14.406495133737366,49.99761213934224,14.407150148518085,49.99787766887781
128571,14.412381627144967,49.99965626379888,14.412446111475827,49.99920215039162
128589,14.41018316687672,50.004384795492484,14.410067763632256,50.0045127846567
128597,14.402182855245474,50.001058041230564,14.402721093327441,50.002937336229586
128601,14.413294667018722,50.0126143635372,14.413129945599875,50.011961947218765
128619,14.406612331807434,50.01082302531396,14.405845039693999,50.0111860999663
128627,14.401070365437096,50.01279386193614,14.399795372715026,50.01254158947144
128643,14.388897477556263,50.05860789694086,14.387205145853383,50.05890568523633
128651,14.374940761876493,50.057379196839015,14.374579461730917,50.05748244265263
128660,14.376492444326633,50.0638023637582,14.376813025004719,50.06340638407232
128678,14.390965236706341,50.06776540808701,14.389817543257323,50.0681998869252
128686,14.393721327189015,50.0631033097767,14.394176958913576,50.06283832182923
128694,14.399672190588122,50.06114695627434,14.400173078107974,50.061287339973404
128708,14.402744603846836,50.055839808771864,14.402011316146375,50.05480437694984
128716,14.391014208829567,50.05099223764998,14.39282495862138,50.0504483855709
128724,14.3771459169248,50.04961403721756,14.375435240112768,50.04942505538706
128732,14.366627999025908,50.05286910197993,14.366469588108057,50.052704261842095
128741,14.354847168701397,50.058963153651064,14.353564993153087,50.05871743456166
128759,14.362311038016578,50.061889019608856,14.362135444301611,50.062042882901515
128767,14.363407212849054,50.06623738504463,14.363007860764212,50.06576371791855
128775,14.370179731805784,50.069335400764444,14.369667136226782,50.06940231458281
128783,14.385125130044505,50.07040620439785,14.386084822990671,50.070704748862724
128791,14.394980243586573,50.07229358434805,14.393941105453798,50.0721558584982
128805,14.401420459480882,50.07164503534695,14.400836787637719,50.07181236347137
128813,14.400270821251528,50.0677909040698,14.40003793318012,50.0682358691163
128821,14.407701238978342,50.06068809956531,14.40870140825205,50.060520666990755
128830,14.398821291101726,50.04251886250936,14.399242747125871,50.04352180261783
128848,14.393034762930386,50.04461584107482,14.392194257859249,50.044634220828186
128856,14.367628228351542,50.04239040331155,14.369614639940181,50.04253905268998
128864,14.35744102134489,50.047534625614645,14.35750327104325,50.04767854727014
128872,14.361119718009233,50.05000210123491,14.360616207753777,50.05029940906749
128881,14.3479798589318,50.048821957458664,14.349759069006886,50.04938674499687
128899,14.341895170986142,50.0572445028323,14.342311947340793,50.057501439955686
128902,14.352232168224196,50.06337897018401,14.35223312046676,50.064133664935646
128911,14.342296473058417,50.06527102305719,14.341165487976513,50.064342154791774
128937,14.329496348228199,50.06904059726558,14.325248135091282,50.068386498409616
128945,14.347189400588814,50.07396657811936,14.343197848581429,50.07333715483567
128953,14.34676125466988,50.07123794202586,14.347530911149747,50.07129107658189
128961,14.359313898701458,50.07088321002967,14.359600498464292,50.071011678896014
128970,14.354587247521064,50.07096774105496,14.354722392565225,50.07102910770862
128988,14.365176255768114,50.0733391865311,14.365089693415268,50.07315638063737
128996,14.364480016387324,50.07756551677216,14.362115539926094,50.077329937860945
129003,14.375307806138059,50.0744474513463,14.375609038184724,50.07453286967466
129011,14.386194410477543,50.07475321364873,14.385767731326583,50.07448935725215
129020,14.39818478443457,50.07736753262894,14.396635392038341,50.076697155873546
129038,14.405988276438283,50.08036215620755,14.405596784800212,50.080402522771195
129046,14.402272220680615,50.07576664886327,14.402226276686076,50.07533097593719
129054,14.406397124119847,50.07562476994889,14.40632371788054,50.07600981858684
129062,14.407560491847077,50.07107273532548,14.407676124139286,50.07061637422798
129071,14.408863291402717,50.06862428816835,14.408578756124754,50.06822978964131
129089,14.409807180860076,50.06519376964912,14.410248599127623,50.06503832686125
129097,14.413299921814106,50.057899611560636,14.413760431829466,50.057636247584995
129101,14.406445500742308,50.04338220501223,14.408273469282886,50.044574480866196
129119,14.390769095377697,50.03835184470462,14.389260753655243,50.03872394884955
129127,14.364666448752205,50.0356695684898,14.359236705934766,50.035045146919245
129135,14.35015613480864,50.03850220917997,14.348769671017767,50.0390419659129
129143,14.37268151468826,50.02826434670708,14.373504427881453,50.0282218560002
129151,14.397402301104949,50.033711845635565,14.397419846838893,50.03402595658226
129160,14.385956160255404,50.029907862561515,14.386478656732436,50.03036567514802
129178,14.385696611880597,50.02455020311103,14.3828877069684,50.0248551413752
129186,14.394941148577603,50.0263807384244,14.394685567814074,50.02681910205524
129194,14.393533009861152,50.02011596100924,14.393542609929545,50.021668454648214
129208,14.377790590751966,50.01719596745465,14.378900990679949,50.0170607396968
129216,14.38306785008872,50.01044113549266,14.381956563583152,50.01041426925725
129224,14.393034285995482,50.00776787467085,14.393510724646026,50.00964083697357
129232,14.397294075266776,50.00130243009963,14.396642292750329,50.00130756286665
129241,14.392862778876507,49.98877606639321,14.393582984654824,49.99037763860437
129259,14.359173419890707,50.09594818993105,14.357850557264054,50.095885001734956
129267,14.356874276289549,50.09986260894938,14.357179320084523,50.09986646650625
129275,14.375861373554923,50.10447534381427,14.374680996467184,50.10566344102503
129283,14.375999386407702,50.09825670033163,14.374579892047091,50.09804369134403
129291,14.380568121641527,50.095145862394986,14.381236131357616,50.095284131547594
129305,14.37822844763951,50.090382709932754,14.377884077915379,50.08924533710747
129313,14.391789460856776,50.08097111714611,14.392948281077604,50.082090232116244
129321,14.372262107666984,50.08742971556597,14.372945900438076,50.087114130315314
129330,14.366595523781319,50.08992001943529,14.3666159311802,50.089760195372854
129348,14.361142867683622,50.08980108038135,14.361136804739324,50.08967471671393
129356,14.355359549697837,50.093074159256794,14.351553504868901,50.093139760462364
129364,14.344514876996616,50.09024159185568,14.34572388155401,50.09034548796811
129372,14.349631684579798,50.087246033387515,14.34928950941313,50.0869012626508
129381,14.341491953427608,50.08559233082644,14.342201342756045,50.08508988497098
129399,14.337159181359786,50.092441261201685,14.335812777365424,50.09243711879395
129402,14.334002185052203,50.09396963455322,14.3339825751234,50.09398297719012
129411,14.346006778837472,50.09847900821181,14.345787354327857,50.098648097945805
129429,14.335916495708043,50.10139768477432,14.333212378072638,50.1009768671601
129437,14.342035409248375,50.10146413668769,14.342599038400305,50.10141683405989
129445,14.354175251804094,50.10918378917721,14.359525400706715,50.109406487708654
129453,14.37535738823905,50.113603904692404,14.376470781644636,50.112746370698375
129461,14.379623169826477,50.11797494309696,14.376390586204966,50.1177059340917
129470,14.383846505022019,50.11548190792332,14.384038339244949,50.115419189710224
129488,14.386538186010739,50.11208773462204,14.387000175634384,50.11213901120394
129496,14.391712867613222,50.114444847427805,14.391756774206979,50.115970605817886
129500,14.390417009511077,50.10788773040496,14.39047088225179,50.107445200671805
129518,14.389068738770055,50.1038330482894,14.390809395488589,50.10356460575446
129526,14.390320760771484,50.09986561448864,14.389345888761715,50.100173950034446
129534,14.396111840207718,50.09699626586837,14.39972012150903,50.0968376618637
129542,14.406136374345557,50.09545542531238,14.406192647461053,50.095404532831466
129551,14.392514027866111,50.09217967989345,14.387050991996755,50.090944854586425
129569,14.382130742712237,50.08157313182089,14.385084475632162,50.0827755932645
129585,14.370456259581479,50.08516688225139,14.370904029128067,50.08500306060804
129593,14.364396310069711,50.081178857496795,14.363323826965113,50.081353933481836
129607,14.35294619610155,50.08379015018108,14.353451097904435,50.0832849571876
129615,14.34402353999563,50.077142945399096,14.34564368714604,50.077253971032235
129631,14.332508430030188,50.07796428584249,14.329085530066749,50.078648157949594
129640,14.331685859932078,50.082445038993605,14.331519386237755,50.08227532074751
129658,14.315972043841004,50.07336940084329,14.314539037529364,50.072079882180134
129666,14.31384684009181,50.06587138018055,14.314921576671713,50.06610157640011
129674,14.303095665530646,50.068696344482326,14.30675703322818,50.06940948385342
129704,14.298589199355717,50.070703348234524,14.297737512423469,50.07064507534045
129712,14.318443324319528,50.08118775988722,14.31590281224555,50.08182027226284
129721,14.307498955970818,50.0791888296993,14.308654326870176,50.079616740571524
129739,14.299254998138496,50.08088849180405,14.298134957589996,50.08059132647547
129747,14.28860451634672,50.08702584043001,14.295481768212781,50.088192698721045
129755,14.314692822237502,50.08775445627563,14.314757524978962,50.08755829720734
129763,14.309387249685875,50.09241357276136,14.311257676720519,50.0921112090539
129780,14.330573074974149,50.08771234542921,14.330432451862567,50.086779390889156
129798,14.322127225261147,50.091424598439005,14.323419677127317,50.09042479442731
129801,14.312710526487798,50.091103115701664,14.312517636928323,50.09094729367543
129810,14.30349354129188,50.09109588838828,14.304098636795132,50.09099223721949
129828,14.269335283026935,50.10285152501177,14.27425638016493,50.101808782172284
129836,14.296076913504788,50.104342348267785,14.296754201022821,50.10401802768597
129844,14.313676709850226,50.09926092623895,14.311447399805848,50.09984260127422
129852,14.302484031332018,50.095704577831825,14.303226659034536,50.095964430777
129861,14.310597834816896,50.10938600961349,14.312887082893521,50.11097573091027
129879,14.32699921160319,50.110632393383526,14.326535811109903,50.11017285493362
129887,14.340789073763196,50.1110531543413,14.342241267089843,50.11124172556407
129895,14.340368524269826,50.11403137677771,14.347689022987346,50.11293190226977
129917,14.364235958400071,50.1228295310997,14.364816450995628,50.121825452025284
129925,14.377484973885982,50.121917317320595,14.377404263814702,50.12168033598441
129933,14.377979990857837,50.12552905681309,14.383191283970541,50.12583364083266
129941,14.373629939988728,50.12982506547355,14.373636826996723,50.13021537414869
129950,14.382815777016793,50.127844618956544,14.382665246492014,50.12798195722368
129968,14.372059538165516,50.13393530120767,14.372515656598686,50.13320579118542
129984,14.376844395965177,50.13613116537959,14.377706706150962,50.13537435472492
129992,14.36280408064716,50.13783875868128,14.360080682260897,50.13802439873948
130001,14.370439447637255,50.14522498799952,14.362922465494783,50.14426839506214
130010,14.377473973498585,50.143967238548456,14.376970948765983,50.14335646192782
130028,14.383882604512673,50.1413444313415,14.38450377293924,50.1410349144557
130036,14.387575597219769,50.133182140003704,14.386533341869454,50.13382759428247
130044,14.394709207461732,50.131152465737664,14.398772009617225,50.13019500680562
130052,14.395935215924814,50.12807992082962,14.3964681281054,50.12733173272009
130061,14.399485698128933,50.11379325478783,14.397836417089175,50.11443205927506
130079,14.398856588473095,50.10731847724892,14.39877857392807,50.10829770659177
130087,14.400401456494356,50.10147538102342,14.400048312454357,50.101528334310906
130095,14.400908976629315,50.09835018389778,14.40405930785413,50.09869624738032
130109,14.409872957794631,50.10183433702251,14.41028381585338,50.10154567826933
130117,14.439992098654999,50.102964394675176,14.440161667338018,50.10263593401153
130125,14.43489140947688,50.101443675423226,14.435179685168363,50.10144377826275
130133,14.429596267455471,50.10132479837912,14.429870267889399,50.10149454153975
130141,14.419545904171033,50.10098243604243,14.419781689908259,50.10072164541565
130168,14.422335184818596,50.106398423705414,14.420471288469813,50.106495457742746
130176,14.415242288761522,50.11100545698093,14.418106980948068,50.110595359534365
130184,14.406762475268204,50.117014432875436,14.404903118057575,50.11835110430147
130192,14.409856482957109,50.12274584963696,14.410500306620428,50.123453339138976
130206,14.427044777761006,50.11880214351474,14.428086846094805,50.11961094348534
130214,14.428568467608889,50.11431759251627,14.427349713453696,50.11446050217799
130222,14.440993061413659,50.11438937397647,14.44140239413203,50.114235076777206
130231,14.436741817461462,50.11079555806932,14.433023172385006,50.11010384075692
130249,14.440480997890326,50.108890387148605,14.440602112543587,50.108801346749445
130257,14.44732881672976,50.10762106658848,14.44747070023281,50.10852326111923
130265,14.446088881544142,50.102376473894964,14.446644884009594,50.101616857181085
130273,14.452681946562718,50.10368158031685,14.452932083979789,50.10359092463031
130281,14.453584007508175,50.108817011708624,14.455399905904992,50.1084746423806
130290,14.451395320881899,50.1004390753226,14.455044549552882,50.10067966300075
130303,14.441088645611842,50.096490721944484,14.44209973109452,50.096962652410404
130311,14.426778968591009,50.098328815958695,14.4273284688847,50.09842322834797
130320,14.419997903111051,50.09520693493138,14.418916682006461,50.094901883076055
130338,14.442739235912436,50.13649597930035,14.44173838000218,50.137134624199795
130346,14.44473001819159,50.141004055046146,14.444205116738791,50.14033772746457
130362,14.444547611488952,50.13296869346235,14.444096264487545,50.13271911713326
130371,14.433905282333809,50.131825725154876,14.43390205931274,50.131271704677445
130397,14.432547844029658,50.13984839975505,14.43284033135885,50.139412777936954
130401,14.452361639922351,50.14114292032171,14.453016705309292,50.14105691497037
130427,14.464278118260069,50.14088939530077,14.464583787078606,50.14070923012166
130435,14.465061337380314,50.13659940725145,14.465056334634806,50.13669728776654
130443,14.467156821761947,50.12808459720599,14.468570544790824,50.12848599935387
130478,14.456360557984947,50.12940922541672,14.455896871965173,50.129642086635656
130486,14.45642075555738,50.13441516412221,14.455709369935924,50.13482653226275
130508,14.45033291203986,50.12917207148102,14.44913002590463,50.12992976987226
130516,14.443401153022045,50.12781872891826,14.443294958193174,50.12819894514282
130524,14.43869053815901,50.12985251065347,14.438456862541614,50.12962075618109
130532,14.424519572683604,50.13064994200476,14.423971682113592,50.13076604732052
130541,14.422023806988927,50.13605753182404,14.421792746821922,50.13625146718137
130559,14.414130779805722,50.134290008275244,14.41406748792053,50.13528757128955
130567,14.409230238243344,50.14199277952831,14.412382420634364,50.141814258918444
130575,14.422050179450263,50.1403272166664,14.419327451564737,50.14077207570425
130583,14.425758874213118,50.146339096129296,14.424892010902804,50.14664113693969
130591,14.442722534545707,50.14799020615308,14.442605160731052,50.147763817734074
130605,14.471008162653265,50.146673901802394,14.47192667166389,50.14682861692898
130613,14.483419541245595,50.14973095092952,14.483948280705585,50.14982188129595
130621,14.481610693751197,50.144952087551,14.483268696325938,50.14617536579166
130630,14.476427405092782,50.13852776864582,14.476198197188829,50.13839338616641
130648,14.476722881235293,50.135827497443564,14.476656913095711,50.135782912462815
130656,14.475886299425264,50.12424707660021,14.474421155463212,50.122959405754834
130672,14.467502918739255,50.123419456003106,14.467232472506854,50.12342966130903
130699,14.456767411631684,50.12303541713992,14.454995687694327,50.122852744168135
130702,14.4583926876179,50.11892499093086,14.45915630863804,50.11901618911914
130711,14.445211660216799,50.11774703340673,14.44534066693618,50.11796499500889
130729,14.439590998627285,50.118698353596294,14.438765098935367,50.11867715640209
130737,14.440522370807757,50.12319147872963,14.441404978874672,50.123019489725095
130745,14.42263151720735,50.12695408580443,14.42352777733463,50.12690667631929
130753,14.396233364723631,50.13657554474952,14.39420376779341,50.136767014927
130761,14.4032173204385,50.13845707005156,14.401030368990071,50.13860633711702
130770,14.425259561924399,50.14953921217113,14.426123089177805,50.14944579203709
130788,14.431274679704762,50.15201055071991,14.43201139787043,50.15233793572212
130796,14.408924858436183,50.147201731811116,14.41214362499576,50.14724309716716
130800,14.450715351138049,50.151951113028055,14.458572937104904,50.150028048043666
130818,14.476503962105113,50.154454538573795,14.477260395795152,50.154070665635516
130826,14.494758154213988,50.15651750481771,14.495885813220767,50.156343809707465
130834,14.492928446665987,50.14214412138943,14.491729340446021,50.14205080605962
130842,14.482892616636935,50.13607579057011,14.483526151192905,50.13571713754496
130851,14.487264613621683,50.13246511392881,14.487182370157058,50.13239325096244
130869,14.481705822922482,50.12352804365695,14.4817947769194,50.12343587021451
130877,14.473290425159085,50.11751753320839,14.474231639771112,50.11838468149099
130885,14.483822439431707,50.11189177395846,14.4837942421732,50.11178931392293
130893,14.47900444513061,50.11417404610744,14.47536633069761,50.1123519645658
130907,14.475497809279046,50.106772453043796,14.477023565525798,50.107036352423705
130915,14.476403864093443,50.10194674758217,14.477308312541288,50.10173816727731
130923,14.478132349420742,50.09896476304833,14.478195149273212,50.09899290367375
130931,14.472054680155436,50.095218876202225,14.472874329496056,50.09557259156908
130940,14.468531982060648,50.09639392002441,14.468513967730761,50.09590537462232
130958,14.458492169792258,50.093804420510914,14.457616483036642,50.09395214351835
130966,14.44602404910459,50.09145859720829,14.445536943309577,50.091554079945205
130974,14.439647307407759,50.08860696978911,14.43972774446056,50.08866171643817
130982,14.441434543683098,50.0935654231276,14.440149448709612,50.09308350641142
130991,14.457638671449287,50.09868840618342,14.459299559584409,50.09902544422184
131008,14.464372712618067,50.1083189379849,14.466120371490032,50.10789736038271
131016,14.45919803830008,50.11458207607351,14.455797293317964,50.11427902918797
131024,14.521997644622383,50.116132665596425,14.522662033469247,50.11632178415755
131032,14.53640044632837,50.11305066754399,14.535921363230587,50.112836236424855
131041,14.543221609853312,50.10908714523143,14.544586612028969,50.10900502344879
131059,14.53680965936253,50.10745360167713,14.53867438953439,50.1073224324351
131067,14.526779123523529,50.10794357880759,14.526796559710977,50.107382936004726
131091,14.515553826454338,50.10994147616317,14.516245794352436,50.10963886159461
131105,14.505513393414091,50.11359911004461,14.511297716114157,50.11437217782068
131113,14.506877114773003,50.11579524122241,14.507644323498877,50.11608135198669
131121,14.50113746950758,50.11711003054269,14.502276551613658,50.11716314371279
131130,14.505629248929894,50.12033596806645,14.505972640081486,50.121295745603256
131148,14.501790927480549,50.123280297555326,14.50035532070103,50.122826063783634
131156,14.509061838776697,50.12685561421477,14.508778323521355,50.12699427851338
131164,14.517844572484808,50.12262427519883,14.518866416941226,50.122490881070426
131172,14.52324074690647,50.12979975636434,14.522197478864559,50.129325158380816
131181,14.534656310957443,50.127794260358236,14.534198847229899,50.127772439370446
131199,14.5424386630927,50.12292632992523,14.539942764590215,50.122789107280305
131202,14.548855600387332,50.115981409782506,14.542080219260594,50.116216247391236
131211,14.5606921585676,50.111018212278466,14.559778879253876,50.112349541366335
131229,14.55028929368613,50.10262322555548,14.550657373658028,50.102287629441506
131237,14.538079141674993,50.103707598471416,14.537613855527615,50.10285522844554
131245,14.536625488314048,50.10050070424459,14.54015954134952,50.10111575274979
131253,14.523759501965959,50.1030610105927,14.52417736245457,50.10293762128937
131261,14.512272080026145,50.10359834766615,14.51140403263129,50.10384460402023
131270,14.503285557572791,50.102374545115765,14.502426026023757,50.10272300015036
131288,14.50216793874717,50.10954875474644,14.503201794205879,50.109288503697435
131296,14.50164602381833,50.099157475001356,14.503087184992452,50.099084295555635
131300,14.489385475105077,50.102567627309014,14.496269385933761,50.10146455709637
131318,14.497225162197825,50.10751966350823,14.496847561596653,50.10741709972851
131326,14.48705379220787,50.099219856358935,14.488273487337974,50.09911593910758
131334,14.48898870667446,50.10564222249553,14.489750757095306,50.10587765445775
131342,14.486047207446218,50.10699680120071,14.485207884666387,50.106506081591704
131351,14.48783047702653,50.10955226054543,14.486592177631405,50.10894133410284
131369,14.488508273083927,50.11777515661757,14.487742011335662,50.11794423485391
131377,14.48279936928837,50.12075948989693,14.482721455748692,50.12093060943417
131385,14.49220076227637,50.12025786056764,14.491184219624962,50.12027759074225
131393,14.486496168432375,50.125283969139744,14.48629546838486,50.12539159611436
131407,14.493640679659824,50.12758236559416,14.494259504054828,50.12719242051149
131415,14.501944496981267,50.1347758491935,14.50007121312254,50.135708295307936
131423,14.518106630686079,50.133204235530044,14.517816504859905,50.13260890915027
131431,14.51379311347428,50.13841190078371,14.514132422527766,50.13777812515863
131440,14.526652270144542,50.138665065779016,14.52620674147076,50.13940648513406
131458,14.515999014975066,50.14494040277377,14.515642700380655,50.14514481485375
131466,14.505772626516144,50.1510914247204,14.507972508827878,50.151896182636186
131474,14.515833674529702,50.152966637930355,14.515831402493145,50.152502988604844
131482,14.523421354332347,50.15719889859409,14.523723757284829,50.15697614924194
131491,14.512903048624276,50.16708942177055,14.509447906038368,50.16557682772071
131504,14.515979395484653,50.164778355161594,14.515590679909081,50.16483908679027
131512,14.525424467065307,50.16657527080797,14.522219666150798,50.16581639696931
131521,14.523418101279942,50.16198378831123,14.523250933239503,50.16252068325866
131547,14.551657144411344,50.15754179739305,14.55487756829455,50.15756536349625
131555,14.542539343396893,50.15800793544936,14.543773093237299,50.15867165104191
131563,14.52762477144374,50.153444556114756,14.526535750052492,50.153850675856205
131571,14.52595973452443,50.148457030815415,14.527835041690029,50.14734408650493
131580,14.538635309715259,50.14643911552145,14.539160137991644,50.1467979458666
131601,14.553602287742187,50.14031588957175,14.555003238718445,50.13998170005691
131610,14.550863334823543,50.13672858614755,14.551064146475566,50.1373485533177
131628,14.54444249182776,50.137173606873084,14.543666266443918,50.13754777103712
131636,14.540310562967864,50.132367522359054,14.54008920216941,50.13190092575197
131644,14.552337073485537,50.13067638003512,14.552324051975145,50.13077174261149
131652,14.562478055798453,50.130709399162676,14.561616552642935,50.13109610689047
131661,14.56783186248337,50.11607842394356,14.567962014849607,50.116012751826176
131679,14.56230051272353,50.10588331370348,14.561435967529698,50.10545606042231
131687,14.548501367031822,50.09861925224614,14.547163240727045,50.097835570545044
131695,14.565972238887653,50.095936964066915,14.565541883186144,50.09556883057436
131709,14.56390584642124,50.09163732575975,14.564279622824017,50.09126284441664
131717,14.554087543346919,50.09037931955876,14.554350872064028,50.09028517371876
131725,14.560206274754918,50.08337191536626,14.559952456838769,50.08204619144112
131733,14.544786158719011,50.08537774910504,14.545644229492149,50.085144119763406
131741,14.542860499442844,50.093136141259265,14.543337174532763,50.09324490758205
131750,14.526384445025318,50.09540763094808,14.526282311145579,50.095966503872596
131768,14.515328427959817,50.09568798721005,14.515479897526316,50.09587880382361
131776,14.52048145779087,50.090360862587524,14.52146114870944,50.090284883887115
131784,14.50292659455116,50.09413767949237,14.502090644291119,50.09400273717283
131792,14.512321983136962,50.06543803045646,14.512504082160529,50.06596333092651
131806,14.518899271315021,50.06936816741666,14.518352195442851,50.06916593299448
131814,14.531045735808448,50.06393704639624,14.531417690301135,50.06352927581042
131822,14.540643082381008,50.058748383108515,14.539050163579962,50.059939188921945
131831,14.532309896229247,50.05658827437026,14.533721113793074,50.05687622426541
131849,14.524596653762034,50.055296017409916,14.520719839352779,50.05670070540738
131857,14.510415892619873,50.05997605123285,14.512053687562368,50.0592051444476
131865,14.516621631657685,50.0590182257786,14.516486606942358,50.05869587976352
131873,14.510391338647004,50.05620894929341,14.510179633117499,50.056763912999315
131881,14.516163544985007,50.054700782504725,14.515881786260788,50.054926254634125
131890,14.502927422700786,50.05777344357406,14.502833304663213,50.05766744709675
131903,14.496588779705732,50.05901622031644,14.496154369040283,50.058283671146015
131911,14.490079007928163,50.06433355209574,14.488164368512848,50.06448180767572
131920,14.49687465821013,50.067124114076805,14.49675575140779,50.066753698412924
131938,14.503752030932004,50.0681511797169,14.503762361074514,50.06719077578893
131946,14.500029763010126,50.07171794271823,14.499941148145655,50.07157042480607
131954,14.500448699014774,50.07519902053559,14.500580564117572,50.07514330373893
131962,14.50440373824019,50.0787003481507,14.504316122803381,50.07872493574787
131971,14.510211439853245,50.07403949352488,14.509702873567003,50.07318239956002
131989,14.517761716948913,50.07364687026906,14.517876718232024,50.07314887274386
132004,14.546565918056453,50.06216258018784,14.54664164649811,50.06191103556564
132012,14.55596452547717,50.053691849327635,14.55695907164446,50.053800709757574
132021,14.551514371251637,50.05219396338621,14.550817469643766,50.052477428307355
132039,14.536334877511353,50.05010173432783,14.536724846471053,50.050216615399535
132047,14.544094705236212,50.05164499834461,14.545492370114992,50.05110685490699
132055,14.52373239641055,50.04828010388403,14.525405544241885,50.04759184308996
132063,14.513464904300744,50.049111078206096,14.513212000694878,50.04934590789949
132071,14.51755631959108,50.04631737862395,14.51736337108002,50.04634969700709
132080,14.500383259878982,50.04856461099083,14.50027333412283,50.04842967813653
132098,14.511486452579542,50.052093649338815,14.511180884877575,50.05209507497767
132101,14.501226992184792,50.053301219178245,14.501735219618533,50.05338406363033
132110,14.488207367978706,50.05440184217835,14.488440291388496,50.054037498059365
132128,14.487623977213223,50.05969026555527,14.48959266933889,50.059731320239806
132136,14.481629407394149,50.06112286314254,14.48202162138296,50.060511273521186
132144,14.484366668703748,50.06270643372402,14.484316471118461,50.06250647509067
132152,14.47473503094602,50.059848191437716,14.474181980170409,50.05964929968651
132161,14.47163336203183,50.06322529337199,14.471826196855048,50.06329148145068
132179,14.465866696775745,50.06334961639771,14.465725767869369,50.06332348182828
132187,14.466270099614269,50.06149577030961,14.466652786720294,50.06155013958464
132195,14.465171364967288,50.058898627824895,14.465120551403611,50.05898052621032
132209,14.460254073838149,50.062178331803324,14.458093441390579,50.0622399781315
132217,14.462981808380434,50.0687601559013,14.463767423765711,50.06891685080758
132225,14.45516371320877,50.06493231729701,14.455006068061211,50.0650517493023
132233,14.448371179650854,50.064173413464985,14.447881131909067,50.06422085137861
132241,14.451418016533772,50.067639797002975,14.453428210895584,50.068227064473376
132250,14.457073857951432,50.06984359295805,14.456813266054635,50.06998187304956
132268,14.448259492866947,50.07094481833273,14.448231550059065,50.07083783174893
132276,14.444522030120284,50.071928008592735,14.444696376381158,50.07200013438957
132284,14.456829093568409,50.071761417896184,14.455916268271952,50.07185926777149
132292,14.465956128592437,50.07133345513923,14.465315905728868,50.07099072232323
132306,14.458975947188508,50.07376441072452,14.46438163200363,50.07407288931432
132314,14.455185015635328,50.07476510474581,14.454064268628784,50.074599314092914
132322,14.476469688264586,50.0677247786661,14.476009727703634,50.067799139425695
132331,14.47327135169973,50.07110930771303,14.473797110454974,50.071105783530186
132349,14.479901277066958,50.07192669330322,14.481024882957191,50.07172845387565
132357,14.478376980823557,50.07517743955471,14.4769701148192,50.07516237374702
132365,14.486251924522602,50.069463411525284,14.48606056562432,50.06894094540744
132373,14.489478233387027,50.07439644035587,14.48972682811455,50.07416411474685
132381,14.485228235963042,50.07403405576998,14.484876940797209,50.07427475832915
132390,14.483621504170362,50.07888972218056,14.482764379840091,50.07892069853007
132403,14.476905941627164,50.07872138609637,14.476926462450578,50.078763704638305
132411,14.48854126358077,50.081373054600725,14.486778412378046,50.08153518959928
132420,14.496813085617687,50.07790495734761,14.496920082784591,50.07792800732446
132438,14.499563406004707,50.082921512533275,14.49686916886488,50.08344709199185
132446,14.493993427353315,50.08167143541565,14.49250555453797,50.08287519657521
132454,14.506386214575882,50.08675773381431,14.50703102047792,50.086337871802485
132462,14.528138783264152,50.08743921970846,14.526764093059262,50.087384526436914
132471,14.529667781764411,50.0890992044864,14.529643276649573,50.08917714101064
132489,14.546553034971998,50.0782101513154,14.545240904378165,50.077398231310184
132501,14.527299593354577,50.08104664678229,14.526991462455165,50.08020573896849
132519,14.550657646744874,50.072643541066014,14.549291955988485,50.072852688260696
132527,14.559337913247715,50.06687611510673,14.558131413167297,50.06674233365848
132543,14.558054459251572,50.05806038617196,14.557231382162115,50.05840769691346
132551,14.5689169927521,50.05904287519436,14.57061969284378,50.05942501308232
132560,14.573943711957535,50.04840635651912,14.575543418970533,50.04807652743956
132578,14.568231445014137,50.045351223875656,14.568687521638003,50.04487278242465
132586,14.558476581157612,50.045912324770164,14.557338870555077,50.04589253307735
132594,14.563849168622767,50.04157514456996,14.562135805820176,50.042168569079074
132608,14.561151137479204,50.03441846122231,14.56332790871376,50.03544282285781
132616,14.556276476035624,50.036654488773266,14.557108632103516,50.0364642341788
132624,14.533609580730793,50.042372383002,14.53386944510855,50.04356338265567
134376,14.297000020514304,50.1202872551403,14.299078715659547,50.12124675755874
138614,14.325411116635133,50.00237222899313,14.325473610423648,50.003290206731464
138622,14.363793730380205,49.99021086966207,14.366956173166995,49.990871891930325
145246,14.340413398290918,50.03849614289932,14.339885508128024,50.03898969697158
145254,14.31299582326969,50.03339091967011,14.31016167656902,50.03294060021135
145262,14.331084078878469,50.03715873689321,14.331024388240934,50.03704050359879
145271,14.314336490372623,50.0084278726461,14.315447604154825,50.009037156113635
146137,14.572607173157966,50.125947147709994,14.572685401055823,50.12610897463204
150576,14.352374171508249,50.027916135730514,14.35177999558249,50.027715500322316
150584,14.36817862186306,50.0274649562033,14.368442981968691,50.02783865949287
150592,14.358779983265192,50.01928620570823,14.357702802106925,50.019652681973994
150606,14.3508653347167,50.010275594457106,14.351926170920645,50.010764044971296
155527,14.321364607113779,50.06163163551512,14.32042918508242,50.06181541594484
155535,14.334830498892392,50.05735964583718,14.335348542490575,50.057501439955686
155543,14.321648166183676,50.050995229285576,14.324416655363635,50.05100892130852
162124,14.514934539684605,49.9978459253014,14.519263381295893,49.99804460341659
162132,14.513330254964094,50.014232726846735,14.512822076196741,50.01416848073245
170348,14.29385657466665,50.04623005358749,14.293888908354004,50.046459387039896
170356,14.281885717129166,50.04619608965869,14.28076247587035,50.046498857234326
173398,14.627020805317766,50.050525939782375,14.628602993069702,50.05006872339388
173410,14.582207495537153,50.020519828901634,14.582560547992383,50.02026983400673
173428,14.597333616889847,50.03196878033842,14.602580466117923,50.031805045759214
173771,14.659061696881544,50.076851593674455,14.664741055348632,50.07720645642612
173983,14.522634994556782,50.01956501878259,14.521137760229959,50.019469177262806
173991,14.546511153494434,50.01282261922444,14.5467493685539,50.01324270781548
182371,14.581468707517425,50.14709586415461,14.579402411700778,50.146418377360575
191728,14.375815143860057,49.977687283218856,14.375110431534644,49.97486363972532
191736,14.392517518476028,49.97044432382899,14.392779686505705,49.9700417512599
191752,14.382670543860959,49.96998649916105,14.382441000185473,49.969309382274936
191761,14.37955641381718,49.95347210085136,14.377126770279002,49.95286903273731
193259,14.266144351263227,50.06526404145491,14.267854109840181,50.06489470493692
193267,14.287638336878114,50.06064448767296,14.291183116048803,50.061103688474134
198056,14.479056179378729,50.118524651149706,14.477974057635027,50.11912727537978
305758,14.42987054298806,50.0773813460683,14.42986880064132,50.0773674772436
305774,14.430351712608863,50.07240309282547,14.430706096167292,50.072467764336565
305782,14.43533582997396,50.08326119646775,14.43534748996382,50.08327685355982
305791,14.429267914898219,50.06752236479255,14.429747936011886,50.06768593002188
305804,14.423059653671835,50.06397527133642,14.423207384653917,50.06378521771178
305812,14.443304826219324,50.05075390613513,14.442801034130296,50.050532199477196
305821,14.438276235554419,50.049067841405765,14.437833474695841,50.04912946168649
305839,14.473013171194545,50.048500931304915,14.473000321889424,50.048175777953844
305847,14.477639686954657,50.050282531818425,14.477432125704329,50.05048615478009
305855,14.41989014063049,50.062142576018786,14.419033612099142,50.062343433046834
305863,14.340540766130593,50.05133047595294,14.339867532194345,50.05173963720538
305871,14.409938585147643,50.07644971795933,14.40981323679848,50.076852583359944
305880,14.41173971651741,50.06981181530707,14.411621401384863,50.06953700527494
305898,14.41117456468192,50.067339536527285,14.411193494339026,50.06730394018342
305901,14.413634740809131,50.06465554687568,14.413744369502757,50.06430582243646
305928,14.404999304576348,50.09672979226045,14.404649219490004,50.09661446623544
305936,14.400859978979447,50.09582174213389,14.401251678339444,50.095889280551134
305944,14.428993868873233,50.09568530627458,14.429447778102547,50.09576441171791
305952,14.431233424006711,50.09476602948207,14.4292860704133,50.09490014901539
305961,14.415275394449505,50.09741276984735,14.41463131612919,50.09757430379203
305979,14.476544399634172,50.14063050817204,14.476758092737743,50.14038398208913
305987,14.462747770791253,50.12443058006001,14.462819302023576,50.123905161233836
305995,14.50087101868198,50.12829804961048,14.500397071601416,50.128375863131225
306002,14.576916617763999,50.08859750908837,14.57409869858651,50.08846961540743
306011,14.509177093519396,50.09018319328283,14.509175765019581,50.09042821826493
306029,14.528064003648153,50.075078099822036,14.525189652686336,50.07486481679949
306037,14.541207277059554,50.067130807442126,14.542264963350906,50.06725297811819
306045,14.554247610491428,50.04894767605958,14.556637082885738,50.04941616443402
306053,14.529795424945835,50.03255688556859,14.528667855447615,50.032219711340105
306061,14.531621581263876,50.02794905420649,14.533444390283451,50.02792304425243
306070,14.518807041897574,50.024093058714634,14.518628170595669,50.02450450251179
306088,14.51855410518164,50.02746790747958,14.517776959763333,50.02757130065554
306096,14.516955269948609,50.030417514202725,14.517263196381604,50.03021268478475
306100,14.515280095963291,50.03336805656036,14.516230842888003,50.03340047140024
306118,14.485306936155325,50.036395564963826,14.485166964051878,50.03622334940222
306126,14.471636953173704,50.00260574410361,14.471585568403066,50.00253399845184
306142,14.47543985683824,49.987535085922076,14.477616654823777,49.987606579806624
306151,14.402039501004278,49.973598432568174,14.400866531148377,49.97263188897323
306169,14.355458720088453,49.976583984272835,14.356496530546877,49.977503479564476
306177,14.378813880867003,49.98844429245742,14.379434545249552,49.9889651313477
306185,14.358759805470172,49.991589445929044,14.358112449124992,49.99109943854023
306193,14.341643963851096,49.9819138128248,14.344156877301316,49.98167593325921
306207,14.357428160059756,50.0315258096864,14.35807534768206,50.03031968727663
306215,14.340240295648133,50.02475699632284,14.341355232132136,50.02502284830371
306223,14.327861432032138,50.04653378732047,14.327311724728146,50.04662806981305
306231,14.321327583239842,50.04281068192379,14.320873118297602,50.04333914521125
306240,14.304676838294286,50.0445039463341,14.30564637357734,50.04436584464295
306258,14.319606478713315,50.05697040787515,14.321150154321344,50.0575333920269
306266,14.290161018339212,50.068332189740126,14.287807889086562,50.069611726865276
306274,14.278886209533187,50.063467179732704,14.27801001411862,50.06316001945403
306282,14.36336922169435,50.086622614233235,14.362282135488094,50.0865419979457
306291,14.356911699589412,50.089162986726755,14.356688777294066,50.08937952027361
306304,14.299648175515665,50.07468260234804,14.300731652470004,50.07427207006522
306312,14.305245338788248,50.06406979332225,14.304043653478544,50.06445821711124
306321,14.301865370165308,50.08523947417705,14.302559601331641,50.08472208710886
306339,14.42857338442576,50.12434154668419,14.428702819501279,50.12402011820335
306347,14.411751068677264,50.12748468586728,14.411860025430425,50.1275478217165
306355,14.40909144331156,50.131901722111266,14.406854667793095,50.132014487472176
306363,14.466734075057838,50.13096008721,14.467443957844504,50.13055803987166
306371,14.476630748689692,50.13043780049069,14.477175561736754,50.13039740245327
306380,14.470332428061877,50.13403628568443,14.470914112250448,50.134593859219216
306398,14.508778174106974,50.13615713975025,14.508718135690495,50.1356203500142
306401,14.560875653330562,50.14476788789471,14.562778692379553,50.14421603969844
306410,14.5852748147648,50.13486964421945,14.585878843974779,50.13432839818636
306428,14.575058024777842,50.131046065769915,14.573562239537765,50.13181663609346
306436,14.570890883269982,50.12114326924156,14.569884076024167,50.12110722283248
306444,14.590546709615637,50.124050331261095,14.593188837934031,50.123471678304426
306452,14.595465477733846,50.10432574626705,14.59531160170825,50.10500915392732
306461,14.584680245656347,50.106135669553545,14.585434575176155,50.10540020877103
306479,14.569637656290855,50.104523655674846,14.570401990518047,50.104949325270624
306487,14.578493023763354,50.10388972997706,14.581655156394106,50.104566463653235
306495,14.596210667345293,50.117073027283745,14.596217980357917,50.117676941752705
306509,14.61306865571474,50.11809539839301,14.611680442217683,50.11801932568094
306517,14.628906045010094,50.12602673790272,14.62907377537846,50.12572772873691
306525,14.557421478929278,50.09731359777427,14.558952200739906,50.09780340841742
306541,14.580599047932463,50.095187995902194,14.582548710038733,50.095020431007114
306550,14.627189878064563,50.08970960778353,14.628563449645817,50.090697241181054
306568,14.465133243932167,50.067049864403884,14.465039792306072,50.067124944405045
306584,14.581585105298808,50.04121301771922,14.583218822669965,50.04213446484411
306827,14.31694001301224,50.069077890235924,14.317011621417429,50.06929516065385
306835,14.50684085806423,50.04107856496019,14.506706380862843,50.04064417550596
306843,14.422909228921547,50.012015719921166,14.425218437670626,50.01179839370932
306908,14.441302279707632,50.01876758510216,14.44213651187809,50.019095300494556
306916,14.430772178514124,50.0203310196489,14.430477109671646,50.02035620495329
306924,14.4519548406662,50.0172660786761,14.451897444585601,50.017296503690716
315761,14.483160226426769,50.08747830449472,14.481091009155802,50.08785819047913
315770,14.47472444493366,50.03378676323851,14.47270442056416,50.03388554644483
315788,14.476305322680846,50.05382408898581,14.47625733588509,50.05351256689231
315796,14.415780245452725,50.019845044450214,14.415634917036128,50.0199726895428
315800,14.397872457506162,50.016233211445396,14.397823381170191,50.01587301380468
315818,14.408056959715847,50.02819154964731,14.408132851163089,50.02813860681456
315826,14.46891362368606,50.00559117912859,14.468684283953154,50.00684246065552
315834,14.46640316919885,50.01186013932575,14.4662788472988,50.011754326277995
315842,14.447995249769214,49.99852117463177,14.44865788884518,49.99848681962335
315851,14.459487161769571,49.998850428290204,14.462284400028853,49.99802318266998
315869,14.453650904096317,50.00406928413323,14.452547154479323,50.004429567899834
315877,14.449521678384665,50.04338470608266,14.449419226164892,50.04342704109757
315885,14.4515713645956,50.04431048412267,14.451496133016592,50.04440451855823
315893,14.464665955260603,50.04109991684707,14.464147421107626,50.041898190992256
315907,14.4704092770769,50.042184871728615,14.470018525918608,50.04242904335382
315915,14.438959216659612,50.03199588741867,14.43783048667225,50.03205745509155
315923,14.434863224091321,50.029056975081936,14.433618377311884,50.02927862681622
315931,14.443027761987844,50.02687933576286,14.442279331798069,50.02714894342938
315958,14.503027080648716,50.0353005097454,14.498566627602209,50.0352172647073
315966,14.49971786177027,50.024812280476134,14.49550678509863,50.027059540404835
315974,14.486417738367331,50.02213985167688,14.486261648150407,50.02302329326216
315982,14.49635597044518,50.0114402121912,14.497105826710923,50.01137175770677
315991,14.499141203210366,50.00684179235165,14.498636842118806,50.0074150489623
316008,14.464237461630535,50.016761805439415,14.464035212627733,50.01656913076253
316016,14.461799996379751,50.01187543541586,14.461045622681807,50.0120538256404
316024,14.45751618458829,50.011127448729496,14.4572838722565,50.01106936627177
316032,14.453833793872025,50.01485816145244,14.45387353238031,50.01488714210902
316041,14.456812001115953,50.01891188356239,14.456273555731311,50.01912015502536
316059,14.421219915077627,50.014898285642936,14.421469496143885,50.014855604841614
316067,14.431770263361528,50.00767707166383,14.429642926700687,50.00805196079523
316075,14.422043696378225,50.00156849143488,14.421076121165317,50.00114092272242
316083,14.436656331529102,49.997526015828655,14.433855756008592,49.996459190484394
316091,14.537664171255381,50.02260272840354,14.537540115988389,50.023230098379145
316105,14.543225022193393,50.01513978556671,14.53311333832774,50.01489676494498
316113,14.508161857717894,50.00421887807106,14.505157964664924,50.00337115431178
316121,14.522329056379009,50.00915055135613,14.521405519430528,50.00928963713367
316130,14.504760278774441,50.015888249818886,14.504180410272838,50.01559750744184
316148,14.479516482042875,49.99993354881082,14.479376235161453,50.00003414806909
316156,14.471202501695533,49.99932577394256,14.471317472311416,49.999210644159206
316164,14.463199174862996,50.001882208094784,14.462785837475492,50.00174995637211
316172,14.449128559215676,49.99365875692598,14.448940728563633,49.99415503215238
316199,14.481397583113534,49.99384195597813,14.481639133763638,49.99373532169864
316202,14.482667988613418,49.99611879584968,14.482498637367678,49.99559189284833
316211,14.460447303345342,49.98725228494877,14.460810934075687,49.98700272021388
316245,14.455537472628787,49.990129983341596,14.456375098967348,49.990178767080316
316253,14.459207638095608,49.993277158089825,14.458579197064868,49.99308718722973
316261,14.439361085263172,49.99471972787314,14.439410300324571,49.99450950028322
316270,14.457047246890221,49.9835374927172,14.456398386224851,49.983977503185834
316288,14.449740349756436,49.98051790435083,14.444709583582595,49.98210089001032
316296,14.425331934219027,49.98805687581269,14.418442452181342,49.986357660181675
316300,14.430527791515226,49.97822853478451,14.432944661102795,49.978621922428246
316318,14.415816224178688,49.97119708113477,14.412243767424245,49.97182412359595
316326,14.383875602575811,50.05644278202807,14.385151745532255,50.05654317951851
316334,14.344094981741028,50.042320576775765,14.344798584595278,50.04227432571116
316342,14.382271530225852,50.03912174357485,14.382552346638452,50.03936547205126
316369,14.333790082325308,50.06014515975258,14.332123359779134,50.060352782726355
316377,14.360605119333439,50.0742391550766,14.360422762154656,50.07382106876558
316385,14.407271169202613,50.052803761828734,14.407335403278804,50.053336100154056
316393,14.38993092028882,50.01771255319411,14.389895206203857,50.01757740131754
316407,14.367504674290753,50.016135810061805,14.367323838612055,50.01577407364223
316415,14.357637001102724,49.99619383370099,14.357244353708863,49.99613375155309
316431,14.262359166987425,50.05921268099305,14.262316766334965,50.058711482369006
316440,14.345851999366651,50.05336384771916,14.347173001540568,50.05315720182966
316458,14.33339120376257,50.068137415496906,14.337868806685748,50.06754422546083
316474,14.388440693478223,50.03466228231394,14.38862707166708,50.03448755776047
316482,14.38257196347178,50.0362987537744,14.381966184706389,50.03621226623486
316491,14.374463671310655,50.03662604455624,14.37360326677598,50.03617808114126
316504,14.377844547759036,50.032157703772086,14.377650372932465,50.03169167662658
316512,14.371368345473577,50.03072337369051,14.370491681949439,50.03089886137781
316521,14.363697810984737,50.03257528524461,14.364001065553875,50.032600041875305
316539,14.361954152858372,50.0283398608703,14.362111663016616,50.02823556643292
316547,14.395532978671797,49.998897095347324,14.391319092093045,50.00091520471311
316555,14.385546591625546,50.00160981089316,14.385064705581012,50.001243628256944
316563,14.381424026284565,50.002672648955844,14.38033346778021,50.00313690589718
316571,14.37488844668133,49.99198187309253,14.37520302900225,49.992268325843774
316580,14.385889003104255,49.99521142688022,14.38649276253971,49.99551159643245
316598,14.391484510367986,49.98022708955664,14.392788047033232,49.98077388728994
316601,14.38648119171776,49.96170897056019,14.386173993019781,49.961920796546295
316610,14.386795753217795,49.95387376409737,14.38996250501768,49.954722241616935
316628,14.394285110797256,49.95441196184345,14.394535357331026,49.95853884897732
316636,14.339184661090929,49.99542193695177,14.340775916490482,49.99416079569163
316644,14.323339693328126,49.99275421021592,14.324355601061264,49.992398579105775
316652,14.335906959179596,49.997552314496055,14.335574944526062,49.99825810534391
316661,14.343804245519916,50.00128480011289,14.34310150316312,50.00074221751477
316679,14.312919301905588,50.000181347120346,14.312897732960199,50.00067351808964
316687,14.304288213056322,50.004870608048215,14.304634734342216,50.00557322886468
316695,14.357132476168688,50.00346053703738,14.365366023833603,50.00287061519346
316709,14.362319718945587,50.012006897155885,14.358566638759944,50.013111942124006
316717,14.373602953097544,50.001963119393395,14.37404330717899,50.00141228104074
316725,14.371363115810214,50.009195426277174,14.371227001636122,50.00906533186236
316733,14.338858217794758,50.01498191811462,14.338948798106156,50.015063912630566
316741,14.321188437336962,50.01306046841889,14.321457730351248,50.013114079212826
316750,14.323489127664756,50.02138882044881,14.320635734792669,50.0209651585816
316768,14.37303734570943,50.02410905619487,14.372999321585672,50.02417717730658
316776,14.36480789136034,50.02499694625382,14.366645218416814,50.02395753617496
316784,14.323949473285209,50.02983962306774,14.323896334965081,50.02946326026469
316792,14.344649461996767,50.030952658536584,14.340564953232477,50.03014598151137
316806,14.340816927599677,50.03320247618683,14.340586600572266,50.033257660947854
316814,14.300881108557428,50.03092684813304,14.29831335930481,50.03118950114275
316822,14.277782179679217,50.04036103048373,14.276419466494932,50.04126811566082
316831,14.333892907531423,50.04399343311731,14.335259555884095,50.044499447525126
316849,14.332930150807078,50.05188014590696,14.332903326263164,50.05173963720538
316857,14.312343004448017,50.04872901281185,14.309362746641591,50.04874032805387
316865,14.290134278846116,50.0439999948164,14.291437084192005,50.04387711944888
316873,14.291048292208743,50.047338873115905,14.289856755260004,50.04709929293182
316881,14.298323588786944,50.04527458179747,14.29839909510692,50.04526180992336
316890,14.29848948215132,50.04804661442274,14.298439088037604,50.048075313483736
316903,14.289586732175149,50.04991635588042,14.289488131773645,50.04982983528604
316911,14.305684668679648,50.056214271130145,14.306323197360971,50.05649778949122
316920,14.299718360741348,50.05829710736149,14.29992582998763,50.058000801600514
316938,14.285732866213007,50.0528346015558,14.287668145947876,50.05349965257156
316946,14.269200875504747,50.06941838017792,14.27184312562349,50.0682467693878
316954,14.304783868650023,50.11775263285542,14.30971655834329,50.11825408255427
316962,14.470415226933671,50.16288209321021,14.47145453217,50.16169698521026
316971,14.495879765194493,50.16788407409352,14.496237135425389,50.16694910832824
316989,14.463158737260216,50.09798461185191,14.465075506381588,50.098347984126505
316997,14.470336731440222,50.10172536478517,14.470152322258958,50.10139752973301
317004,14.553833369001039,50.108976270348,14.553649327804274,50.10900387656885
317012,14.541953345325933,50.101040366402145,14.542824734944205,50.10114015588792
317021,14.49988911846984,50.10386587269343,14.500213591011605,50.10351791417549
317039,14.539513294152506,50.13891239216405,14.539113409776242,50.13908149900082
317047,14.534205549702035,50.14155259253135,14.534809502372486,50.14201399678289
317055,14.56147136089426,50.0891415348783,14.561229765393074,50.089597746672425
317063,14.553929558578504,50.086004583755916,14.553684905851906,50.08514574869735
317071,14.586929651618034,50.11720974866189,14.588424593994567,50.11760521908154
317080,14.61152009401941,50.12632571584586,14.610553021096088,50.12597957149376
317098,14.587373062588345,50.099086843818064,14.583813705437745,50.09846093498882
317101,14.536647803096278,50.158041685388625,14.534806555485606,50.15792608438647
317110,14.495418160321403,50.114134574166705,14.495624962160235,50.11403841464188
317128,14.512263027741053,50.120284614476155,14.512065066161364,50.12058303475659
317136,14.549299012687483,50.10532762533513,14.54952440400437,50.1048550725389
317152,14.527192820159666,50.09149406287088,14.528929445799754,50.09110657098336
317161,14.605175571067768,50.098661768518326,14.611256260082065,50.09889080202805
317187,14.561497790726452,50.101079406447774,14.56273953564467,50.10106084174468
317195,14.582857767277192,50.11159386751816,14.581947506208476,50.110856411951175
317209,14.572687912291885,50.11089998402514,14.572214170961153,50.11116153827406
317217,14.631103577490984,50.12183571007706,14.63046667859798,50.12166632479956
317225,14.62556814757877,50.10926394622393,14.627082254590569,50.108297398840335
317233,14.627992646854711,50.10102597593133,14.628290024496291,50.101084541019425
317241,14.645195681496869,50.110620265651946,14.648251960006428,50.110646960872074
317250,14.65081138906067,50.09176135092557,14.652801771937227,50.09208681625998
317268,14.636039303706116,50.095676907271155,14.63456209589875,50.09559739431029
317276,14.684579489193453,50.08295348239562,14.679436203075229,50.083896230468085
317284,14.680620302439406,50.09162203867507,14.680835522356668,50.09189080899495
317292,14.637017098659657,50.066942704147536,14.62680430004539,50.06713348937486
317306,14.623761303038346,50.07623537657277,14.624810131048445,50.07596817357653
317314,14.645951908455409,50.07447917902423,14.646671831547973,50.07469189725755
317322,14.662714496825116,50.06801864838812,14.663339807175724,50.06861722392694
317331,14.681618206499646,50.07067371608187,14.681880148745408,50.070556112655034
317349,14.632779778976047,50.05845337350462,14.631387239297908,50.05852838156485
317357,14.615602066541985,50.08547213583752,14.626515006118286,50.08575462512162
317365,14.614632809887151,50.09064972463151,14.6134161988921,50.09131327910511
317373,14.60859448091944,50.09501191104578,14.607423265823,50.09427857031156
317381,14.59584296216727,50.08986330482705,14.596111581961118,50.08978440103867
317390,14.593010714789802,50.0776228568342,14.593459642434155,50.07707357483298
317403,14.573280330111873,50.08044212755515,14.579573432691138,50.080952989274486
317411,14.522869803636423,50.06241661724503,14.522463369564864,50.06246643300051
317420,14.527010499752302,50.07166573656705,14.52786478412365,50.07154646978714
317438,14.56319252456054,50.07348537990806,14.562893038998592,50.074378143285145
317446,14.549937160841857,50.03268371436551,14.549061684554367,50.032292425277035
317454,14.512176687991712,50.082132119637215,14.511726553285165,50.08123011443386
317462,14.510404609235072,50.07929524398601,14.510398948497642,50.079404281505035
317471,14.552059281258943,50.042371494775644,14.552602912417584,50.04324760121979
317489,14.56066432251754,50.02710300397514,14.55337242544471,50.026413349704015
317497,14.569340505285936,50.034671281391205,14.569149764682145,50.03504919837066
317501,14.57835262294282,50.02667072720956,14.57768752227561,50.02686841133634
317519,14.58089005695756,50.07493218754439,14.58330057988378,50.07639610550728
317527,14.59682034747762,50.063517644228824,14.610090909441677,50.06206620862555
317535,14.618645032766969,50.05195205956409,14.613186734702479,50.0520806123028
317543,14.610995160380835,50.03800059146085,14.611781790837622,50.037792608580816
317551,14.635967293999197,50.05138800308767,14.63578628944931,50.05156418575025
317560,14.648715875681717,50.039495429691875,14.648891746285374,50.0372771662178
317578,14.637084556380099,50.032758635662624,14.633942184185017,50.034139701419875
317586,14.648420720797187,50.01657922717797,14.644434057064894,50.01640105682726
317594,14.631371482620818,50.018625213105615,14.635399780012477,50.01638532712069
317608,14.660522145952655,50.01917628970768,14.66284523660882,50.017354220135644
317616,14.629878872137407,50.004079889601975,14.626279064936913,50.005484599111526
317624,14.618164466173603,50.001114760554444,14.623186301118533,50.00060723262489
317632,14.605568150080089,50.01370023791421,14.611514451953962,50.01399527636251
317641,14.5758630200426,50.0184360376086,14.576074475489252,50.01868955514054
317659,14.59491663929457,50.01291026982498,14.594605246356199,50.013348869664235
317667,14.586979003968006,50.028696981016395,14.589315416716259,50.0274938442537
318205,14.431146397209245,50.07790085523428,14.43123127913983,50.0780481788808
318213,14.432196950481421,50.07899820325134,14.432085103553845,50.07887395990411
318221,14.348185063171012,50.044483459655,14.348264599544578,50.044699074970715
318230,14.353610700897955,50.03678496159355,14.354072199751553,50.03705885556518
318256,14.44563792292812,50.13691319793381,14.444672421416254,50.13739990390728
318264,14.437297932591443,50.08815447498742,14.43726451216789,50.08811857957209
318272,14.52808968720666,50.10052014275068,14.528978622697155,50.1010407939071
318281,14.533846173979871,50.09552425192627,14.532496090351831,50.09499543014593
318299,14.517810249859076,50.088564394144726,14.518015701267224,50.08853364591957
318302,14.53360888833524,50.0920172258259,14.53387335620899,50.0919964020008
318311,14.536122495499074,50.07004527522654,14.536048512929458,50.069623870973345
318329,14.534437427945765,50.07219969322643,14.534219643532456,50.07212172857312
318337,14.534868057028817,50.08710714596644,14.534466772133491,50.08653203714981
318345,14.536548112790946,50.075987029109896,14.536397878561834,50.07591450266933
318353,14.310497156456389,50.04075829626289,14.311080531894296,50.040999596985955
318361,14.288948007493431,50.031746990487605,14.287918954407631,50.03210869300001
318370,14.290057316534185,50.03983086704694,14.289155961169437,50.040230289597154
318388,14.515263968778612,50.06010195672536,14.515251892219657,50.060110708893575
318396,14.513807571952054,50.058062455123796,14.513685642463622,50.05801951924651
318469,14.390640618981323,50.12345480794672,14.391112444513581,50.12321959633289
318485,14.553642985255305,50.05316997894792,14.553837068180332,50.053146570567804
320501,14.478841646696008,50.04905982806674,14.479047423578258,50.04901759490028
320510,14.435674978571061,50.06619875616286,14.435788595074492,50.06627793405069
320528,14.48835061574415,50.1232658731175,14.488281367323703,50.12300196037428
320536,14.496209562801376,50.12333614381326,14.49621891805893,50.12322122194443
320544,14.275873809066091,50.053170033168556,14.274611269940213,50.05287470330288
320552,14.298090754435085,50.04107010945623,14.29738577708402,50.041077653669475
320561,14.302493178728255,50.04584879769643,14.30288154650529,50.0452588976009
320579,14.304823078606683,50.05006410707524,14.301967706211297,50.05036044974289
320587,14.303498446321722,50.051588046901635,14.301835468344557,50.05143696880357
320595,14.292830248380113,50.05592471430275,14.293279174227354,50.055618323162506
320609,14.28279094004388,50.05362891859301,14.28253585644904,50.053687463518216
320773,14.372366363604304,50.07857485699734,14.37271031429352,50.078646248225176
320781,14.455090651793395,50.06142290166181,14.455198880627599,50.06133489809102
322326,14.392120612322135,50.12590901644219,14.392444117926576,50.12583929444516
324833,14.474904003087726,50.04727329680097,14.474360398453284,50.04711271185879
324841,14.422633123165813,50.03194901924605,14.42221984087543,50.031842010248674
324850,14.35309317215486,50.05438287804231,14.355699961641944,50.05334137739352
324868,14.351088449338151,49.97992891984178,14.351777467911447,49.98040140202613
324876,14.372100804614005,49.95774496335842,14.376459138134006,49.956345619505626
324884,14.349954367581079,49.95362180809979,14.34723004112971,49.95588922922494
324892,14.28910111686653,50.07978799198413,14.288906023056171,50.079417574329085
324906,14.613304796867563,50.12251519712107,14.613793068830127,50.12256346302962
329738,14.320796594896136,50.070023610641506,14.320612769927894,50.07004056914576
329746,14.586981923266348,50.01407618055451,14.586658596434805,50.013748940954244
329754,14.591007972164485,50.01930165244554,14.59166933172743,50.019163372971065
329762,14.564996586386973,50.01486850888702,14.564124490460532,50.01428702751472
329771,14.515226367701015,50.04404204404575,14.515045452688046,50.04366322065685
329789,14.612937321785727,50.04066012234143,14.612047236618448,50.041449133499356
329797,14.486719870110914,50.018954272071866,14.486872205384156,50.0187014720923
329801,14.489728987453244,50.00278349255508,14.48937806643429,50.00308643735647
329819,14.495422091039583,50.01653046185948,14.494979837012089,50.0164902658371
329827,14.423671743262558,49.99469503422788,14.428436517837898,49.99452534046658
329835,14.423986078847078,49.99807918655566,14.422119298950758,49.997862174470626
